<?xml version="1.0" encoding="UTF-8"?>
<project-private xmlns="http://www.netbeans.org/ns/project-private/1">
    <editor-bookmarks xmlns="http://www.netbeans.org/ns/editor-bookmarks/2" lastBookmarkId="0"/>
    <open-files xmlns="http://www.netbeans.org/ns/projectui-open-files/2">
        <group>
            <file>file:/C:/Users/Miguel/Documents/NetBeansProjects/Evaluacion_5/web/WEB-INF/jsp/index.jsp</file>
            <file>file:/C:/Users/Miguel/Documents/NetBeansProjects/Evaluacion_5/src/java/Controler/ControladorChequeos.java</file>
            <file>file:/C:/Users/Miguel/Documents/NetBeansProjects/Evaluacion_5/web/WEB-INF/dispatcher-servlet.xml</file>
            <file>file:/C:/Users/Miguel/Documents/NetBeansProjects/Evaluacion_5/src/java/Controler/ControladorUsuario.java</file>
            <file>file:/C:/Users/Miguel/Documents/NetBeansProjects/Evaluacion_5/web/WEB-INF/jsp/contact.jsp</file>
            <file>file:/C:/Users/Miguel/Documents/NetBeansProjects/Evaluacion_5/src/java/Controler/MainControler.java</file>
            <file>file:/C:/Users/Miguel/Documents/NetBeansProjects/Evaluacion_5/web/WEB-INF/jsp/ListarChequeos.jsp</file>
            <file>file:/C:/Users/Miguel/Documents/NetBeansProjects/Evaluacion_5/web/WEB-INF/jsp/about.jsp</file>
            <file>file:/C:/Users/Miguel/Documents/NetBeansProjects/Evaluacion_5/src/java/Controler/ControladorCliente.java</file>
        </group>
    </open-files>
</project-private>
