<?xml version='1.0' encoding='UTF-8' ?>
<!-- was: <?xml version="1.0" encoding="ISO-8859-1"?> -->
<beans xmlns="http://www.springframework.org/schema/beans"
       xmlns:xsi="http://www.w3.org/2001/XMLSchema-instance"
       xmlns:p="http://www.springframework.org/schema/p"
       xmlns:aop="http://www.springframework.org/schema/aop"
       xmlns:tx="http://www.springframework.org/schema/tx"
       xsi:schemaLocation="http://www.springframework.org/schema/beans http://www.springframework.org/schema/beans/spring-beans-4.0.xsd
       http://www.springframework.org/schema/aop http://www.springframework.org/schema/aop/spring-aop-4.0.xsd
       http://www.springframework.org/schema/tx http://www.springframework.org/schema/tx/spring-tx-4.0.xsd">

    <bean class="org.springframework.web.servlet.mvc.support.ControllerClassNameHandlerMapping"/>

    <!--
    Most controllers will use the ControllerClassNameHandlerMapping above, but
    for the index controller we are using ParameterizableViewController, so we must
    define an explicit mapping for it.
    -->
    <bean id="urlMapping" class="org.springframework.web.servlet.handler.SimpleUrlHandlerMapping">
        <property name="mappings">
            <props>
               
                <prop key="index.htm">MainControler</prop>
                <prop key="about.htm">MainControler</prop>
                <prop key="contact.htm">MainControler</prop>
                <prop key="ListarUsuario.htm">ControladorUsuario</prop>
                 <prop key="EditarUsuario.htm">ControladorUsuario</prop>
                <prop key="AgregarUsuario.htm">ControladorUsuario</prop>
                <prop key="EliminarUsuario.htm">ControladorUsuario</prop>
                <prop key="ListarCliente.htm">ControladorCliente</prop>
                 <prop key="EditarCliente.htm">ControladorCliente</prop>
                <prop key="AgregarCliente.htm">ControladorCliente</prop>
                <prop key="EliminarCliente.htm">ControladorCliente</prop>
                <prop key="ListarCapacitacion.htm">ControladorCapacitacion</prop>
                 <prop key="EditarCapacitacion.htm">ControladorCapacitacion</prop>
                <prop key="AgregarCapacitacion.htm">ControladorCapacitacion</prop>
                <prop key="EliminarCapacitacion.htm">ControladorCapacitacion</prop>
                <prop key="ListarVisita.htm">ControladorVisita</prop>
                 <prop key="EditarVisita.htm">ControladorVisita</prop>
                <prop key="AgregarVisita.htm">ControladorVisita</prop>
                <prop key="EliminarVisita.htm">ControladorVisita</prop>
                <prop key="ListarAccidente.htm">ControladorAccidente</prop>
                 <prop key="EditarAccidente.htm">ControladorAccidente</prop>
                <prop key="AgregarAccidente.htm">ControladorAccidente</prop>
                <prop key="EliminarAccidente.htm">ControladorAccidente</prop>
                <prop key="ListarChequeos.htm">ControladorChequeos</prop>
                 <prop key="EditarChequeos.htm">ControladorChequeos</prop>
                <prop key="AgregarChequeos.htm">ControladorChequeos</prop>
                <prop key="EliminarChequeos.htm">ControladorChequeos</prop>
                
            </props>
        </property>
    </bean>

    <bean id="viewResolver"
          class="org.springframework.web.servlet.view.InternalResourceViewResolver"
          p:prefix="/WEB-INF/jsp/"
          p:suffix=".jsp" />

    <!--
    The index controller.
    -->
    <bean name="ControladorUsuario" class="Controler.ControladorUsuario"/>
    <bean name="MainControler" class="Controler.MainControler"/>
     <bean name="ControladorCliente" class="Controler.ControladorCliente"/>
     <bean name="ControladorCapacitacion" class="Controler.ControladorCapacitacion"/>
     <bean name="ControladorVisita" class="Controler.ControladorVisita"/>
     <bean name="ControladorAccidente" class="Controler.ControladorAccidente"/>
     <bean name="ControladorChequeos" class="Controler.ControladorChequeos"/>
   
</beans>
